{
  "name": "heimdal:ceiling",
  "fallback": "minecraft:empty",
  "elements": [
      {
      "weight": 9,
      "element": {
        "location": "heimdal:kerker1/chandelier",
        "processors": "minecraft:empty",
		"projection": "rigid",
        "element_type": "minecraft:single_pool_element"
      }
    },
    {
      "weight": 9,
      "element": {
        "location": "heimdal:kerker1/cristalchandelier",
        "processors": "minecraft:empty",
		"projection": "rigid",
        "element_type": "minecraft:single_pool_element"
      }
    }
  ]
}
