{
  "name": "heimdal:ends",
  "fallback": "minecraft:empty",
  "elements": [
    {
      "weight": 9,
      "element": {
        "location": "heimdal:kerker1/v2deco_candle_groupbox",
        "processors": "minecraft:empty",
		"projection": "rigid",
        "element_type": "minecraft:single_pool_element"
      }
    },
    {
      "weight": 9,
      "element": {
        "location": "heimdal:kerker1/v2deco_candle_single",
        "processors": "minecraft:empty",
		"projection": "rigid",
        "element_type": "minecraft:single_pool_element"
      }
    },
    {
      "weight": 9,
      "element": {
        "location": "heimdal:kerker1/v2deco_skull",
        "processors": "minecraft:empty",
		"projection": "rigid",
        "element_type": "minecraft:single_pool_element"
      }
    },
    {
      "weight": 9,
      "element": {
        "location": "heimdal:kerker1/v2deco_lectern",
        "processors": "minecraft:empty",
		"projection": "rigid",
        "element_type": "minecraft:single_pool_element"
      }
    },
    
    {
      "weight": 9,
      "element": {
        "location": "heimdal:kerker1/v2deco_pale_plant",
        "processors": "minecraft:empty",
		"projection": "rigid",
        "element_type": "minecraft:single_pool_element"
      }
    },
    {
      "weight": 9,
      "element": {
        "location": "heimdal:kerker1/v2deco_flower_vase",
        "processors": "minecraft:empty",
		"projection": "rigid",
        "element_type": "minecraft:single_pool_element"
      }
    }
  ]
}