{
  "name": "heimdal:ends",
  "fallback": "minecraft:empty",
  "elements": [
    {
      "weight": 3,
      "element": {
        "element_type": "minecraft:single_pool_element",
        "projection": "rigid",
        "location": "heimdal:kerker1/endroom",
        "processors": "minecraft:empty"
      }
    },
    {
      "weight": 1,
      "element": {
        "element_type": "minecraft:single_pool_element",
        "projection": "rigid",
        "location": "heimdal:kerker1/endroom_gold1",
        "processors": "minecraft:empty"
      }
    },
    {
      "weight": 1,
      "element": {
        "element_type": "minecraft:single_pool_element",
        "projection": "rigid",
        "location": "heimdal:kerker1/endroom1_gold2",
        "processors": "minecraft:empty"
      }
    },
    {
      "weight": 1,
      "element": {
        "element_type": "minecraft:single_pool_element",
        "projection": "rigid",
        "location": "heimdal:kerker1/endroom_pillartomb",
        "processors": "minecraft:empty"
      }
    },
    {
      "weight": 1,
      "element": {
        "element_type": "minecraft:single_pool_element",
        "projection": "rigid",
        "location": "heimdal:kerker1/endroom4",
        "processors": "minecraft:empty"
      }
    },
      {
      "weight": 1,
      "element": {
        "element_type": "minecraft:single_pool_element",
        "projection": "rigid",
        "location": "heimdal:kerker1/endroom_armor",
        "processors": "minecraft:empty"
      }
    },
      {
      "weight": 1,
      "element": {
        "element_type": "minecraft:single_pool_element",
        "projection": "rigid",
        "location": "heimdal:kerker1/endroom_largetomb",
        "processors": "minecraft:empty"
      }
    },
      {
      "weight": 1,
      "element": {
        "element_type": "minecraft:single_pool_element",
        "projection": "rigid",
        "location": "heimdal:kerker1/endroom_enchant",
        "processors": "minecraft:empty"
      }
    },
    {
      "weight": 1,
      "element": {
        "element_type": "minecraft:single_pool_element",
        "projection": "rigid",
        "location": "heimdal:kerker1/endroom3",
        "processors": "minecraft:empty"
      }
    },
    
    {
      "weight": 1,
      "element": {
        "element_type": "minecraft:single_pool_element",
        "projection": "rigid",
        "location": "heimdal:kerker1/endroom_tomb",
        "processors": "minecraft:empty"
      }
    },
    {
      "weight": 1,
      "element": {
        "element_type": "minecraft:single_pool_element",
        "projection": "rigid",
        "location": "heimdal:kerker1/endroom4",
        "processors": "minecraft:empty"
      }
    },
    
    {
      "weight": 1,
      "element": {
        "element_type": "minecraft:single_pool_element",
        "projection": "rigid",
        "location": "heimdal:kerker1/endroom_treasureroom",
        "processors": "minecraft:empty"
      }
    }

  ]

}