{
  "name": "heimdal:enemies",
  "fallback": "minecraft:empty",
  "elements": [
    {
      "weight": 9,
      "element": {
        "location": "heimdal:kerker1/spawnerbogged",
        "processors": "minecraft:empty",
		"projection": "rigid",
        "element_type": "minecraft:single_pool_element"
      }
    },
    {
      "weight": 9,
      "element": {
        "location": "heimdal:kerker1/spawnerskeleton",
        "processors": "minecraft:empty",
		"projection": "rigid",
        "element_type": "minecraft:single_pool_element"
      }
    },
    {
      "weight": 9,
      "element": {
        "location": "heimdal:kerker1/spawnerspider",
        "processors": "minecraft:empty",
		"projection": "rigid",
        "element_type": "minecraft:single_pool_element"
      }
    },
    {
      "weight": 9,
      "element": {
        "location": "heimdal:kerker1/spawnerzombie",
        "processors": "minecraft:empty",
		"projection": "rigid",
        "element_type": "minecraft:single_pool_element"
      }
    },
    {
      "weight": 2,
      "element": {
        "location": "heimdal:kerker1/spawnerbreeze",
        "processors": "minecraft:empty",
		"projection": "rigid",
        "element_type": "minecraft:single_pool_element"
      }
    },
  
    {
      "weight": 9,
      "element": {
        "location": "heimdal:kerker1/spawnerempty",
        "processors": "minecraft:empty",
		"projection": "rigid",
        "element_type": "minecraft:single_pool_element"
      }
    }
    

  ]
}
