{
  "name": "heimdal:gangdecor",
  "fallback": "minecraft:empty",
  "elements": [
    {
      "weight": 9,
      "element": {
        "location": "heimdal:kerker1/arch",
        "processors": "minecraft:empty",
		"projection": "rigid",
        "element_type": "minecraft:single_pool_element"
      }
    },
     {
      "weight": 20,
      "element": {
        "location": "heimdal:kerker1/archdoorway",
        "processors": "minecraft:empty",
		"projection": "rigid",
        "element_type": "minecraft:single_pool_element"
      }
    },
     {
      "weight": 20,
      "element": {
        "location": "heimdal:kerker1/archstairs",
        "processors": "minecraft:empty",
		"projection": "rigid",
        "element_type": "minecraft:single_pool_element"
      }
    }

  ]
}