{
  "name": "heimdal:pathes",
  "fallback": "heimdal:ends",
  "elements": [
    {
      "weight": 10,
      "element": {
        "location": "heimdal:kerker1/xintersection",
        "processors": "minecraft:empty",
        "projection": "rigid",
        "element_type": "minecraft:single_pool_element"
      }
    },
    {
      "weight": 7,
      "element": {
        "location": "heimdal:kerker1/junctionroom",
        "processors": "minecraft:empty",
        "projection": "rigid",
        "element_type": "minecraft:single_pool_element"
      }
    },
    {
      "weight": 3,
      "element": {
        "location": "heimdal:kerker1/junctionroomlava",
        "processors": "minecraft:empty",
        "projection": "rigid",
        "element_type": "minecraft:single_pool_element"
      }
    },
    {
      "weight": 10,
      "element": {
        "location": "heimdal:kerker1/hallway",
        "processors": "minecraft:empty",
        "projection": "rigid",
        "element_type": "minecraft:single_pool_element"
      }
    },
    {
      "weight": 8,
      "element": {
        "location": "heimdal:kerker1/stair",
        "processors": "minecraft:empty",
        "projection": "rigid",
        "element_type": "minecraft:single_pool_element"
      }
    },
    {
      "weight": 8,
      "element": {
        "location": "heimdal:kerker1/libary",
        "processors": "minecraft:empty",
        "projection": "rigid",
        "element_type": "minecraft:single_pool_element"
      }
    },
    {
      "weight": 8,
      "element": {
        "location": "heimdal:kerker1/majorjunction",
        "processors": "minecraft:empty",
        "projection": "rigid",
        "element_type": "minecraft:single_pool_element"
      }
    },
      {
      "weight": 8,
      "element": {
        "location": "heimdal:kerker1/complex1",
        "processors": "minecraft:empty",
        "projection": "rigid",
        "element_type": "minecraft:single_pool_element"
      }
    },
    {
      "weight": 5,
      "element": {
        "location": "heimdal:kerker1/complex2",
        "processors": "minecraft:empty",
        "projection": "rigid",
        "element_type": "minecraft:single_pool_element"
      }
    },
     {
      "weight": 1,
      "element": {
        "location": "heimdal:kerker1/largexintersection",
        "processors": "minecraft:empty",
        "projection": "rigid",
        "element_type": "minecraft:single_pool_element"
      }
    },
      {
      "weight": 3,
      "element": {
        "location": "heimdal:kerker1/complex5",
        "processors": "minecraft:empty",
        "projection": "rigid",
        "element_type": "minecraft:single_pool_element"
      }
    },
      {
      "weight": 3,
      "element": {
        "location": "heimdal:kerker1/gangprison",
        "processors": "minecraft:empty",
        "projection": "rigid",
        "element_type": "minecraft:single_pool_element"
      }
    },
    {
      "weight": 2,
      "element": {
        "location": "heimdal:kerker1/complex3loot",
        "processors": "minecraft:empty",
        "projection": "rigid",
        "element_type": "minecraft:single_pool_element"
      }
    },
      {
      "weight": 4,
      "element": {
        "location": "heimdal:kerker1/loothallway",
        "processors": "minecraft:empty",
        "projection": "rigid",
        "element_type": "minecraft:single_pool_element"
      }
    },
    {
      "weight": 3,
      "element": {
        "location": "heimdal:kerker1/palegarden",
        "processors": "minecraft:empty",
        "projection": "rigid",
        "element_type": "minecraft:single_pool_element"
      }
    },
     {
      "weight": 5,
      "element": {
        "location": "heimdal:kerker1/treasury",
        "processors": "minecraft:empty",
        "projection": "rigid",
        "element_type": "minecraft:single_pool_element"
      }
    },
     {
      "weight": 3,
      "element": {
        "location": "heimdal:kerker1/palegarden",
        "processors": "minecraft:empty",
        "projection": "rigid",
        "element_type": "minecraft:single_pool_element"
      }
    },
    {
      "weight": 3,
      "element": {
        "location": "heimdal:kerker1/voidroom",
        "processors": "minecraft:empty",
        "projection": "rigid",
        "element_type": "minecraft:single_pool_element"
      }
    },
    {
      "weight": 4,
      "element": {
        "location": "heimdal:kerker1/majorjunctionmarket",
        "processors": "minecraft:empty",
        "projection": "rigid",
        "element_type": "minecraft:single_pool_element"
      }
    },
    {
      "weight": 8,
      "element": {
        "location": "heimdal:kerker1/complex3",
        "processors": "minecraft:empty",
        "projection": "rigid",
        "element_type": "minecraft:single_pool_element"
      }
    },
      {
      "weight": 3,
      "element": {
        "location": "heimdal:kerker1/cavernjunction",
        "processors": "minecraft:empty",
        "projection": "rigid",
        "element_type": "minecraft:single_pool_element"
      }
    },
    {
      "weight": 1,
      "element": {
        "location": "heimdal:kerker1/xintersectionwater",
        "processors": "minecraft:empty",
        "projection": "rigid",
        "element_type": "minecraft:single_pool_element"
      }
    },
    {
      "weight": 3,
      "element": {
        "location": "heimdal:kerker1/xintersectionsculk",
        "processors": "minecraft:empty",
        "projection": "rigid",
        "element_type": "minecraft:single_pool_element"
      }
    },
       {
      "weight": 2,
      "element": {
        "location": "heimdal:kerker1/megacomplex1",
        "processors": "minecraft:empty",
        "projection": "rigid",
        "element_type": "minecraft:single_pool_element"
      }
    },
     {
      "weight": 2,
      "element": {
        "location": "heimdal:kerker1/megacomplex2garden",
        "processors": "minecraft:empty",
        "projection": "rigid",
        "element_type": "minecraft:single_pool_element"
      }
    },
     {
      "weight": 2,
      "element": {
        "location": "heimdal:kerker1/grandcomplex1",
        "processors": "minecraft:empty",
        "projection": "rigid",
        "element_type": "minecraft:single_pool_element"
      }
    },
    {
      "weight": 3,
      "element": {
        "location": "heimdal:kerker1/gangprison",
        "processors": "minecraft:empty",
        "projection": "rigid",
        "element_type": "minecraft:single_pool_element"
      }
    },
     {
      "weight": 3,
      "element": {
        "location": "heimdal:kerker1/waterhallway",
        "processors": "minecraft:empty",
        "projection": "rigid",
        "element_type": "minecraft:single_pool_element"
      }
    },
     {
      "weight": 5,
      "element": {
        "location": "heimdal:kerker1/spiral",
        "processors": "minecraft:empty",
        "projection": "rigid",
        "element_type": "minecraft:single_pool_element"
      }
    },
      {
      "weight": 2,
      "element": {
        "location": "heimdal:kerker1/gangtrap",
        "processors": "minecraft:empty",
        "projection": "rigid",
        "element_type": "minecraft:single_pool_element"
      }
    },
      {
      "weight": 2,
      "element": {
        "location": "heimdal:kerker1/waterhallway",
        "processors": "minecraft:empty",
        "projection": "rigid",
        "element_type": "minecraft:single_pool_element"
      }
    },
     {
      "weight": 2,
      "element": {
        "location": "heimdal:kerker1/pitwaterhallway",
        "processors": "minecraft:empty",
        "projection": "rigid",
        "element_type": "minecraft:single_pool_element"
      }
    },
     {
      "weight": 2,
      "element": {
        "location": "heimdal:kerker1/merchantroom",
        "processors": "minecraft:empty",
        "projection": "rigid",
        "element_type": "minecraft:single_pool_element"
      }
    }
    
    ,
     {
      "weight": 9,
      "element": {
        "location": "heimdal:kerker1/turn",
        "processors": "minecraft:empty",
        "projection": "rigid",
        "element_type": "minecraft:single_pool_element"
      }
    }
    ,
     {
      "weight": 7,
      "element": {
        "location": "heimdal:kerker1/tjunction",
        "processors": "minecraft:empty",
        "projection": "rigid",
        "element_type": "minecraft:single_pool_element"
      }
    }
  ]
}
