{
  "name": "heimdal:roomdecor",
  "fallback": "minecraft:empty",
  "elements": [
    {
      "weight": 9,
      "element": {
        "location": "heimdal:kerker1/decorgazebo",
        "processors": "minecraft:empty",
		"projection": "rigid",
        "element_type": "minecraft:single_pool_element"
      }
    },
     {
      "weight": 9,
      "element": {
        "location": "heimdal:kerker1/decorfountan",
        "processors": "minecraft:empty",
		"projection": "rigid",
        "element_type": "minecraft:single_pool_element"
      }
    },
{
      "weight": 9,
      "element": {
        "location": "heimdal:kerker1/decorgazebo2",
        "processors": "minecraft:empty",
		"projection": "rigid",
        "element_type": "minecraft:single_pool_element"
      }
    }
  ]
}