{
  "name": "heimdal:treasure",
  "fallback": "minecraft:empty",
  "elements": [
    {
      "weight": 99,
      "element": {
        "element_type": "minecraft:single_pool_element",
        "projection": "rigid",
        "location": "heimdal:kerker1/goldpile2",
        "processors": "minecraft:empty"
      }
    },
    {
      "weight": 99,
      "element": {
        "element_type": "minecraft:single_pool_element",
        "projection": "rigid",
        "location": "heimdal:kerker1/goldpile",
        "processors": "minecraft:empty"
      }
    },
     {
      "weight": 70,
      "element": {
        "element_type": "minecraft:single_pool_element",
        "projection": "rigid",
        "location": "heimdal:kerker1/diamondpile",
        "processors": "minecraft:empty"
      }
    }
    ,
     {
      "weight": 99,
      "element": {
        "element_type": "minecraft:single_pool_element",
        "projection": "rigid",
        "location": "heimdal:kerker1/ironpile",
        "processors": "minecraft:empty"
      }
    }
    ,
     {
      "weight": 80,
      "element": {
        "element_type": "minecraft:single_pool_element",
        "projection": "rigid",
        "location": "heimdal:kerker1/emeraldpile",
        "processors": "minecraft:empty"
      }
    }
  ]
}