{
  "type": "minecraft:chest",
  "pools": [
    {
      "rolls": 3,
      "entries": [
        {
          "type": "minecraft:item",
          "name": "minecraft:iron_ingot",
          "weight": 2
        },
        {
          "type": "minecraft:item",
          "name": "minecraft:cobweb",
          "weight": 1
        },
        {
          "type": "minecraft:item",
          "name": "minecraft:bread",
          "weight": 4,
          "functions": [
            {
              "function": "minecraft:set_count",
              "count": 4
            }
          ]
        }
      ]
    }
  ]
}