{
  "type": "minecraft:generic",
  "pools": [
    {
      "rolls": 1,
      "entries": [
        {
          "type": "minecraft:item",
          "name": "minecraft:map",
          "functions": [
            {
              "function": "minecraft:exploration_map",
              "destination": "heimdal:kerker_map",
              "decoration": "target_x",
              "zoom": 2,
              "search_radius": 64,
              "skip_existing_chunks": false
            },
            {
              "function": "minecraft:set_name",
              "name": {"text": "Lost City Explorer map", "color": "dark_purple", "bold": true}
            }
          ]
        }
      ]
    }
  ]
}
