{
  "type": "minecraft:chest",
  "pools": [
    {
      "rolls": {
        "type": "minecraft:uniform",
        "min": 3,
        "max": 4
      },
      "entries": [
        {
          "type": "minecraft:item",
          "name": "minecraft:enchanted_book",
          "functions": [
            {
              "function": "minecraft:enchant_randomly",
              "only_compatible": false
            }
          ]
        },
        {
          "type": "minecraft:item",
          "name": "minecraft:iron_ingot",
          "weight": 7,
          "quality": 1,
          "functions": [
            {
              "function": "minecraft:set_count",
              "count": 4
            }
          ]
        },
        {
          "type": "minecraft:item",
          "name": "minecraft:gold_ingot",
          "weight": 5,
          "functions": [
            {
              "function": "minecraft:set_count",
              "count": 2,
              "add": true
            }
          ],
          "conditions": []
        },
        {
          "type": "minecraft:item",
          "name": "minecraft:diamond",
          "weight": 2,
          "quality": 1
        }
      ]
    }
  ]
}