{
  "type": "minecraft:chest",
  "pools": [
    {
      "rolls": 8,
      "entries": [
        {
          "type": "minecraft:item",
          "name": "minecraft:enchanted_book",
          "weight": 2,
          "functions": [
            {
              "function": "minecraft:enchant_randomly",
              "only_compatible": false
            }
          ]
        },
        {
          "type": "minecraft:item",
          "name": "minecraft:trident",
          "weight": 1
        },
        {
          "type": "minecraft:item",
          "name": "minecraft:enchanted_book",
          "weight": 2,
          "functions": [
            {
              "function": "minecraft:enchant_randomly",
              "options": "#minecraft:treasure",
              "only_compatible": false
            }
          ]
        },
        {
          "type": "minecraft:item",
          "name": "minecraft:gold_ingot",
          "weight": 3,
          "functions": []
        },
        {
          "type": "minecraft:item",
          "name": "minecraft:rib_armor_trim_smithing_template",
          "weight": 1
        },
        {
          "type": "minecraft:item",
          "name": "minecraft:ward_armor_trim_smithing_template",
          "weight": 2
        },
        {
          "type": "minecraft:item",
          "name": "minecraft:flow_armor_trim_smithing_template",
          "weight": 2
        },
        {
          "type": "minecraft:item",
          "name": "minecraft:netherite_scrap",
          "weight": 1
        },
        {
          "type": "minecraft:item",
          "name": "minecraft:ominous_trial_key",
          "weight": 8,
          "functions": [
            {
              "function": "minecraft:set_count",
              "count": {
                "type": "minecraft:uniform",
                "min": 0,
                "max": 1
              },
              "add": false
            }
          ]
        },
        {
          "type": "minecraft:item",
          "name": "minecraft:diamond",
          "weight": 8,
          "functions": [
            {
              "function": "minecraft:set_count",
              "count": 3,
              "add": false
            }
          ]
        },
        {
          "type": "minecraft:item",
          "name": "minecraft:emerald",
          "weight": 5,
          "functions": [],
          "conditions": []
        }
      ]
    }
  ]
}