{
  "type": "minecraft:jigsaw",
"biomes": [
  "minecraft:plains",
  "minecraft:sunflower_plains",
  "minecraft:snowy_plains",
  "minecraft:ice_spikes",
  "minecraft:desert",
  "minecraft:swamp",
  "minecraft:mangrove_swamp",
  "minecraft:forest",
  "minecraft:flower_forest",
  "minecraft:birch_forest",
  "minecraft:dark_forest",
  "minecraft:old_growth_birch_forest",
  "minecraft:old_growth_pine_taiga",
  "minecraft:old_growth_spruce_taiga",
  "minecraft:taiga",
  "minecraft:snowy_taiga",
  "minecraft:savanna",
  "minecraft:savanna_plateau",
  "minecraft:windswept_hills",
  "minecraft:windswept_gravelly_hills",
  "minecraft:windswept_forest",
  "minecraft:windswept_savanna",
  "minecraft:jungle",
  "minecraft:sparse_jungle",
  "minecraft:bamboo_jungle",
  "minecraft:badlands",
  "minecraft:eroded_badlands",
  "minecraft:wooded_badlands",
  "minecraft:meadow",
  "minecraft:cherry_grove",
  "minecraft:grove",
  "minecraft:snowy_slopes",
  "minecraft:frozen_peaks",
  "minecraft:jagged_peaks",
  "minecraft:stony_peaks",
  "minecraft:river",
  "minecraft:frozen_river",
  "minecraft:beach",
  "minecraft:snowy_beach",
  "minecraft:stony_shore",
  "minecraft:warm_ocean",
  "minecraft:lukewarm_ocean",
  "minecraft:deep_lukewarm_ocean",
  "minecraft:ocean",
  "minecraft:deep_ocean",
  "minecraft:cold_ocean",
  "minecraft:deep_cold_ocean",
  "minecraft:frozen_ocean",
  "minecraft:deep_frozen_ocean",
  "minecraft:mushroom_fields",
  "minecraft:dripstone_caves",
  "minecraft:lush_caves"
],
  "step": "underground_structures",
"terrain_adaptation":"encapsulate",
  "spawn_overrides": { },
  "start_pool": "heimdal:start",
  "size": 5,
 "start_height": {
    "absolute": -100
  },
  "project_start_to_heightmap":"WORLD_SURFACE",
  "max_distance_from_center": 100,
  "use_expansion_hack": false 
}
  
